{
  "q01": [-0.038884, -0.028667, -0.037840,  0.976292, -0.163098, -0.081545, -0.160193,  0.976322, -0.078872,  0.000000],
  "q99": [ 0.039722,  0.029068,  0.026702,  1.000000,  0.160195,  0.081655,  0.163227,  1.000000,  0.095189,  1.000000]
}
