{
  "q01": [-0.014200, -0.013416, -0.015206, 0.998459, -0.047659, -0.034774, -0.047609, 0.998428, -0.035553, 0.000000],
  "q99": [0.014515, 0.011517, 0.014520, 1.000000, 0.047596, 0.034660, 0.047654, 1.000000, 0.038888, 1.000000]
}
